key,solver,time_sec,obj_val
knapsack_n10_seed00,BranchAndBound,0.01433749997522682,"(43.0, array([ 1.,  1.,  1.,  1.,  1.,  1., -0.,  1., -0., -0.]))"
knapsack_n10_seed00,GomoryCuttingPlane,0.001829042041208595,"(43.0, array([1., 1., 1., 1., 1., 1., 0., 1., 0., 0.]))"
knapsack_n10_seed00,SheraliAdams,1172.0759621660109,"(43.0000000000001, array([ 1.00000000e+00,  1.00000000e+00,  1.00000000e+00,  1.00000000e+00,
        1.00000000e+00,  1.00000000e+00,  3.88977615e-13,  1.00000000e+00,
       -7.63324899e-14, -1.87735920e-13]))"
knapsack_n10_seed01,BranchAndBound,0.02362008299678564,"(47.0, array([ 1.,  1., -0., -0.,  1.,  1.,  1.,  1., -0.,  1.]))"
knapsack_n10_seed01,GomoryCuttingPlane,0.005277208983898163,"(47.0, array([1., 1., 0., 0., 1., 1., 1., 1., 0., 1.]))"
knapsack_n10_seed01,SheraliAdams,258.8898223749711,"(46.99999999999993, array([ 1.00000000e+00,  1.00000000e+00, -4.75983331e-14, -0.00000000e+00,
        1.00000000e+00,  1.00000000e+00,  1.00000000e+00,  1.00000000e+00,
        5.29445183e-14,  1.00000000e+00]))"
knapsack_n10_seed02,BranchAndBound,0.004245750023983419,"(22.0, array([ 0., -0.,  1.,  0.,  0.,  1.,  1., -0.,  0.,  1.]))"
knapsack_n10_seed02,GomoryCuttingPlane,0.0020630420185625553,"(22.0, array([0., 0., 1., 0., 0., 1., 1., 0., 0., 1.]))"
knapsack_n10_seed02,SheraliAdams,43.26308241597144,"(22.0, array([ 0.00000000e+00, -4.09487038e-15,  1.00000000e+00, -4.15572715e-14,
        0.00000000e+00,  1.00000000e+00,  1.00000000e+00, -2.18584388e-14,
        0.00000000e+00,  1.00000000e+00]))"
knapsack_n10_seed03,BranchAndBound,0.010191000008489937,"(23.0, array([ 0.,  0.,  0.,  1., -0.,  0.,  1.,  1.,  1., -0.]))"
knapsack_n10_seed03,GomoryCuttingPlane,0.0010778330033645034,"(23.0, array([0., 0., 0., 1., 0., 0., 1., 1., 1., 0.]))"
knapsack_n10_seed03,SheraliAdams,1.3892226250027306,"(23.0, array([-0.,  0., -0.,  1., -0.,  0.,  1.,  1.,  1., -0.]))"
knapsack_n10_seed04,BranchAndBound,0.00960337498690933,"(42.0, array([ 1.,  1.,  1.,  1.,  1., -0., -0.,  1.,  1.,  1.]))"
knapsack_n10_seed04,GomoryCuttingPlane,0.04912795894779265,"(42.0, array([1., 1., 1., 1., 1., 0., 0., 1., 1., 1.]))"
knapsack_n10_seed04,SheraliAdams,8.74768370797392,"(42.0, array([ 1.00000000e+00,  1.00000000e+00,  1.00000000e+00,  1.00000000e+00,
        1.00000000e+00, -1.62545493e-14, -1.52926846e-14,  1.00000000e+00,
        1.00000000e+00,  1.00000000e+00]))"
knapsack_n10_seed05,BranchAndBound,0.0023460419615730643,"(47.0, array([-0.,  1.,  1.,  1.,  1.,  1., -0.,  1.,  1.,  1.]))"
knapsack_n10_seed05,GomoryCuttingPlane,0.0007014169823378325,"(47.0, array([0., 1., 1., 1., 1., 1., 0., 1., 1., 1.]))"
knapsack_n10_seed05,SheraliAdams,8.72667837498011,"(47.00000000000002, array([1.02048412e-14, 1.00000000e+00, 1.00000000e+00, 1.00000000e+00,
       1.00000000e+00, 1.00000000e+00, 9.32587341e-14, 1.00000000e+00,
       1.00000000e+00, 1.00000000e+00]))"
knapsack_n10_seed06,BranchAndBound,0.0006455839611589909,"(40.0, array([ 0.,  1.,  0.,  1.,  1.,  1.,  1.,  1.,  1., -0.]))"
knapsack_n10_seed06,GomoryCuttingPlane,0.0004493329906836152,"(40.0, array([0., 1., 0., 1., 1., 1., 1., 1., 1., 0.]))"
knapsack_n10_seed06,SheraliAdams,0.0005522500141523778,"(40.0, array([ 0.,  1.,  0.,  1.,  1.,  1.,  1.,  1.,  1., -0.]))"
knapsack_n10_seed07,BranchAndBound,0.00788112502777949,"(41.0, array([0., 1., 1., 0., 1., 0., 0., 1., 1., 1.]))"
knapsack_n10_seed07,GomoryCuttingPlane,0.04409704200224951,"(42.0, array([1., 0., 0., 0., 1., 1., 1., 1., 1., 1.]))"
knapsack_n10_seed07,SheraliAdams,44.48531733301934,"(40.999999999999915, array([-3.63181707e-14,  1.00000000e+00,  1.00000000e+00,  0.00000000e+00,
        1.00000000e+00, -2.23941164e-13,  2.32491775e-13,  1.00000000e+00,
        1.00000000e+00,  1.00000000e+00]))"
knapsack_n10_seed08,BranchAndBound,0.02247604198055342,"(50.0, array([ 1.,  1., -0., -0.,  1., -0.,  1.,  1.,  1.,  1.]))"
knapsack_n10_seed08,GomoryCuttingPlane,0.048846041958313435,"(51.0, array([1., 1., 0., 0., 0., 1., 1., 1., 1., 1.]))"
knapsack_n10_seed08,SheraliAdams,1237.744201374997,"(49.99999999999957, array([1.00000000e+00, 1.00000000e+00, 3.44781596e-13, 1.41756180e-11,
       1.00000000e+00, 5.44087945e-12, 1.00000000e+00, 1.00000000e+00,
       1.00000000e+00, 1.00000000e+00]))"
knapsack_n10_seed09,BranchAndBound,0.03534566599410027,"(25.0, array([-0.,  1., -0., -0., -0.,  1.,  1.,  1., -0., -0.]))"
knapsack_n10_seed09,GomoryCuttingPlane,0.054088458011392504,"(25.0, array([0., 0., 0., 0., 0., 1., 1., 1., 0., 0.]))"
knapsack_n10_seed09,SheraliAdams,1186.9526526249829,"(25.00000000000002, array([-3.05882332e-14,  1.00000000e+00,  2.12792922e-13,  1.28712474e-14,
        5.05107412e-14,  1.00000000e+00,  1.00000000e+00,  1.00000000e+00,
       -2.87248978e-14, -1.01784020e-13]))"
knapsack_n10_seed10,BranchAndBound,0.010150541027542204,"(25.0, array([ 0.,  0.,  0., -0.,  1.,  1.,  0.,  1.,  1.,  0.]))"
knapsack_n10_seed10,GomoryCuttingPlane,0.005485749978106469,"(25.0, array([0., 0., 0., 0., 1., 1., 0., 1., 1., 0.]))"
knapsack_n10_seed10,SheraliAdams,0.005281833990011364,"(25.0, array([ 0.,  0.,  0.,  1.,  1.,  0.,  0.,  1.,  1., -0.]))"
knapsack_n10_seed11,BranchAndBound,0.02418916701572016,"(35.0, array([ 0.,  0.,  1.,  0., -0.,  1.,  1.,  1.,  1.,  1.]))"
knapsack_n10_seed11,GomoryCuttingPlane,0.0010647500166669488,"(35.0, array([0., 0., 1., 0., 0., 1., 1., 1., 1., 1.]))"
knapsack_n10_seed11,SheraliAdams,0.059499917028006166,"(35.0, array([-0.,  0.,  1., -0., -0.,  1.,  1.,  1.,  1.,  1.]))"
knapsack_n10_seed12,BranchAndBound,0.010089458024594933,"(48.0, array([-0.,  1.,  1., -0., -0.,  1.,  1.,  1.,  1.,  1.]))"
knapsack_n10_seed12,GomoryCuttingPlane,0.0007045419770292938,"(48.0, array([0., 1., 1., 0., 0., 1., 1., 1., 1., 1.]))"
knapsack_n10_seed12,SheraliAdams,245.26571704202797,"(47.99999999999974, array([ 0.00000000e+00,  1.00000000e+00,  1.00000000e+00, -1.00433065e-14,
       -1.42928340e-13,  1.00000000e+00,  1.00000000e+00,  1.00000000e+00,
        1.00000000e+00,  1.00000000e+00]))"
knapsack_n10_seed13,BranchAndBound,0.005643125041387975,"(45.0, array([-0.,  1.,  0.,  1.,  0.,  1.,  0.,  1.,  1.,  1.]))"
knapsack_n10_seed13,GomoryCuttingPlane,0.0011978749535046518,"(45.0, array([1., 0., 0., 1., 1., 1., 0., 1., 1., 1.]))"
knapsack_n10_seed13,SheraliAdams,1120.7788226249977,"(45.000000000000085, array([ 0.00000000e+00,  1.00000000e+00,  0.00000000e+00,  1.00000000e+00,
       -1.67114554e-13,  1.00000000e+00,  4.62384583e-14,  1.00000000e+00,
        1.00000000e+00,  1.00000000e+00]))"
knapsack_n10_seed14,BranchAndBound,0.020745000045280904,"(37.0, array([ 1., -0.,  1., -0.,  1., -0.,  1., -0.,  1.,  1.]))"
knapsack_n10_seed14,GomoryCuttingPlane,0.006131291971541941,"(37.0, array([1., 0., 1., 0., 1., 0., 1., 0., 1., 1.]))"
knapsack_n10_seed14,SheraliAdams,1142.4761656670016,"(36.99999999999981, array([1.00000000e+00, 7.76805161e-14, 1.00000000e+00, 3.36084713e-14,
       1.00000000e+00, 5.06978669e-14, 1.00000000e+00, 2.35361050e-13,
       1.00000000e+00, 1.00000000e+00]))"
knapsack_n10_seed15,BranchAndBound,0.02589954197173938,"(30.0, array([-0., -0.,  1.,  1.,  1., -0., -0.,  1., -0.,  1.]))"
knapsack_n10_seed15,GomoryCuttingPlane,0.004241625021677464,"(30.0, array([0., 0., 1., 1., 1., 0., 0., 1., 0., 1.]))"
knapsack_n10_seed15,SheraliAdams,234.80392470798688,"(30.000000000000014, array([ 0.00000000e+00,  2.74542324e-14,  1.00000000e+00,  1.00000000e+00,
        1.00000000e+00, -7.84760836e-14, -0.00000000e+00,  1.00000000e+00,
       -6.16972658e-14,  1.00000000e+00]))"
knapsack_n10_seed16,BranchAndBound,0.007799165963660926,"(20.0, array([-0.,  1.,  1., -0.,  1.,  1., -0., -0., -0., -0.]))"
knapsack_n10_seed16,GomoryCuttingPlane,0.0020452910102903843,"(20.0, array([0., 1., 1., 0., 1., 1., 0., 0., 0., 0.]))"
knapsack_n10_seed16,SheraliAdams,1104.5578352909652,"(20.0, array([ 0.,  1.,  1., -0.,  1.,  1.,  0., -0., -0., -0.]))"
knapsack_n10_seed17,BranchAndBound,0.030806625029072165,"(18.0, array([ 0.,  0.,  1.,  1., -0., -0.,  1.,  0., -0.,  0.]))"
knapsack_n10_seed17,GomoryCuttingPlane,0.007674416992813349,"(18.0, array([0., 0., 1., 1., 0., 0., 1., 0., 0., 0.]))"
knapsack_n10_seed17,SheraliAdams,1.3945993750239722,"(18.0, array([ 0.,  0.,  1.,  1., -0., -0.,  1.,  0.,  0.,  0.]))"
knapsack_n10_seed18,BranchAndBound,0.013906500011216849,"(31.0, array([ 1.,  1.,  1.,  0., -0.,  1.,  1.,  0.,  0.,  1.]))"
knapsack_n10_seed18,GomoryCuttingPlane,0.051772333041299134,"(32.0, array([1., 1., 1., 0., 0., 0., 0., 0., 0., 1.]))"
knapsack_n10_seed18,SheraliAdams,235.3051873749937,"(31.000000000000007, array([ 1.00000000e+00,  1.00000000e+00,  1.00000000e+00,  1.19502734e-14,
        1.21777729e-13, -1.68686426e-14,  4.51919829e-15,  1.04086876e-14,
        1.00000000e+00,  1.00000000e+00]))"
knapsack_n10_seed19,BranchAndBound,0.0072746670339256525,"(26.0, array([ 0.,  1.,  1.,  1.,  0.,  0.,  0.,  0.,  1., -0.]))"
knapsack_n10_seed19,GomoryCuttingPlane,0.0006226249970495701,"(26.0, array([0., 1., 1., 1., 0., 0., 0., 0., 1., 0.]))"
knapsack_n10_seed19,SheraliAdams,7.625685750041157,"(26.0, array([ 0.,  1.,  1.,  1.,  0.,  0., -0.,  0.,  1., -0.]))"
knapsack_n2_seed00,BranchAndBound,0.0016936250030994415,"(0.0, array([-0., -0.]))"
knapsack_n2_seed00,GomoryCuttingPlane,0.00020191597286611795,"(0.0, array([0., 0.]))"
knapsack_n2_seed00,SheraliAdams,0.0015833330107852817,"(-0.0, array([ 0., -0.]))"
knapsack_n2_seed01,BranchAndBound,0.0003449590294621885,"(10.0, array([1., 1.]))"
knapsack_n2_seed01,GomoryCuttingPlane,0.00011529203038662672,"(10.0, array([1., 1.]))"
knapsack_n2_seed01,SheraliAdams,0.0003475829726085067,"(10.0, array([1., 1.]))"
knapsack_n2_seed02,BranchAndBound,0.0009307080181315541,"(6.0, array([ 1., -0.]))"
knapsack_n2_seed02,GomoryCuttingPlane,0.00022870796965435147,"(6.0, array([1., 0.]))"
knapsack_n2_seed02,SheraliAdams,0.0012570420512929559,"(6.0, array([ 1., -0.]))"
knapsack_n2_seed03,BranchAndBound,0.0013014589785598218,"(0.0, array([-0., -0.]))"
knapsack_n2_seed03,GomoryCuttingPlane,0.00016966700786724687,"(0.0, array([0., 0.]))"
knapsack_n2_seed03,SheraliAdams,0.001508291985373944,"(-0.0, array([-0., -0.]))"
knapsack_n2_seed04,BranchAndBound,0.0004176250076852739,"(8.0, array([0., 1.]))"
knapsack_n2_seed04,GomoryCuttingPlane,7.999996887519956e-05,"(8.0, array([0., 1.]))"
knapsack_n2_seed04,SheraliAdams,0.00036033301148563623,"(8.0, array([0., 1.]))"
knapsack_n2_seed05,BranchAndBound,0.00032541697146371007,"(5.0, array([1., 1.]))"
knapsack_n2_seed05,GomoryCuttingPlane,0.00013254099758341908,"(5.0, array([1., 1.]))"
knapsack_n2_seed05,SheraliAdams,0.0003243330284021795,"(5.0, array([1., 1.]))"
knapsack_n2_seed06,BranchAndBound,0.0013318749843165278,"(0.0, array([-0., -0.]))"
knapsack_n2_seed06,GomoryCuttingPlane,0.00016837497241795063,fail: ValueError: Initial tableau is not primal feasible. Use TwoPhaseSimplex for problems with negative right-hand side values.
knapsack_n2_seed06,SheraliAdams,0.0011340840137563646,"(-0.0, array([-0., -0.]))"
knapsack_n2_seed07,BranchAndBound,0.0015311670140363276,"(0.0, array([-0., -0.]))"
knapsack_n2_seed07,GomoryCuttingPlane,0.00018479098798707128,fail: ValueError: Initial tableau is not primal feasible. Use TwoPhaseSimplex for problems with negative right-hand side values.
knapsack_n2_seed07,SheraliAdams,0.001299083000048995,"(-0.0, array([ 0., -0.]))"
knapsack_n2_seed08,BranchAndBound,0.0013816669816151261,"(0.0, array([-0., -0.]))"
knapsack_n2_seed08,GomoryCuttingPlane,0.00022504199296236038,"(0.0, array([0., 0.]))"
knapsack_n2_seed08,SheraliAdams,0.0011694999993778765,"(-0.0, array([-0., -0.]))"
knapsack_n2_seed09,BranchAndBound,0.0014779579942114651,"(5.0, array([ 1., -0.]))"
knapsack_n2_seed09,GomoryCuttingPlane,0.00018916698172688484,"(5.0, array([1., 0.]))"
knapsack_n2_seed09,SheraliAdams,0.001585707999765873,"(5.0, array([ 1., -0.]))"
knapsack_n2_seed10,BranchAndBound,0.001517249969765544,"(3.0, array([ 1., -0.]))"
knapsack_n2_seed10,GomoryCuttingPlane,0.0001923340023495257,"(3.0, array([1., 0.]))"
knapsack_n2_seed10,SheraliAdams,0.0012764999992214143,"(3.0, array([ 1., -0.]))"
knapsack_n2_seed11,BranchAndBound,0.0014288329984992743,"(9.0, array([-0.,  1.]))"
knapsack_n2_seed11,GomoryCuttingPlane,0.0001882920041680336,"(9.0, array([0., 1.]))"
knapsack_n2_seed11,SheraliAdams,0.0007260419661179185,"(9.0, array([-0.,  1.]))"
knapsack_n2_seed12,BranchAndBound,0.0007738329586572945,"(9.0, array([-0.,  1.]))"
knapsack_n2_seed12,GomoryCuttingPlane,0.00020470900926738977,"(9.0, array([0., 1.]))"
knapsack_n2_seed12,SheraliAdams,0.0006264999974519014,"(9.0, array([-0.,  1.]))"
knapsack_n2_seed13,BranchAndBound,0.00028195802588015795,"(15.0, array([1., 1.]))"
knapsack_n2_seed13,GomoryCuttingPlane,8.395896293222904e-05,"(15.0, array([1., 1.]))"
knapsack_n2_seed13,SheraliAdams,0.00028241699328646064,"(15.0, array([1., 1.]))"
knapsack_n2_seed14,BranchAndBound,0.0012322080438025296,"(0.0, array([-0., -0.]))"
knapsack_n2_seed14,GomoryCuttingPlane,0.00016054202569648623,"(0.0, array([0., 0.]))"
knapsack_n2_seed14,SheraliAdams,0.0010968749993480742,"(-0.0, array([-0., -0.]))"
knapsack_n2_seed15,BranchAndBound,0.00028908299282193184,"(13.0, array([1., 1.]))"
knapsack_n2_seed15,GomoryCuttingPlane,8.220894960686564e-05,"(13.0, array([1., 1.]))"
knapsack_n2_seed15,SheraliAdams,0.0002914160140790045,"(13.0, array([1., 1.]))"
knapsack_n2_seed16,BranchAndBound,0.0013607909786514938,"(6.0, array([-0.,  1.]))"
knapsack_n2_seed16,GomoryCuttingPlane,0.00018075003754347563,"(6.0, array([0., 1.]))"
knapsack_n2_seed16,SheraliAdams,0.0007308750064112246,"(6.0, array([-0.,  1.]))"
knapsack_n2_seed17,BranchAndBound,0.0009282079990953207,"(5.0, array([-0.,  1.]))"
knapsack_n2_seed17,GomoryCuttingPlane,0.00027949997456744313,"(5.0, array([0., 1.]))"
knapsack_n2_seed17,SheraliAdams,0.000653000024612993,"(5.0, array([-0.,  1.]))"
knapsack_n2_seed18,BranchAndBound,0.0015462080482393503,"(8.0, array([-0.,  1.]))"
knapsack_n2_seed18,GomoryCuttingPlane,0.00019591697491705418,"(8.0, array([0., 1.]))"
knapsack_n2_seed18,SheraliAdams,0.0007474999874830246,"(8.0, array([-0.,  1.]))"
knapsack_n2_seed19,BranchAndBound,0.0007835840224288404,"(5.0, array([ 1., -0.]))"
knapsack_n2_seed19,GomoryCuttingPlane,0.00018816697411239147,"(5.0, array([1., 0.]))"
knapsack_n2_seed19,SheraliAdams,0.0011483340058475733,"(5.0, array([ 1., -0.]))"
knapsack_n3_seed00,BranchAndBound,0.0008357090409845114,"(17.0, array([ 1.,  1., -0.]))"
knapsack_n3_seed00,GomoryCuttingPlane,0.00024416600354015827,"(17.0, array([1., 1., 0.]))"
knapsack_n3_seed00,SheraliAdams,0.0029884999967180192,"(17.0, array([ 1.,  1., -0.]))"
knapsack_n3_seed01,BranchAndBound,0.0009733749902807176,"(9.0, array([ 1.,  1., -0.]))"
knapsack_n3_seed01,GomoryCuttingPlane,0.00024916703114286065,"(9.0, array([1., 1., 0.]))"
knapsack_n3_seed01,SheraliAdams,0.003005457983817905,"(9.0, array([ 1.,  1., -0.]))"
knapsack_n3_seed02,BranchAndBound,0.0003047919599339366,"(15.0, array([1., 1., 1.]))"
knapsack_n3_seed02,GomoryCuttingPlane,0.00013266701716929674,"(15.0, array([1., 1., 1.]))"
knapsack_n3_seed02,SheraliAdams,0.0003274999908171594,"(15.0, array([1., 1., 1.]))"
knapsack_n3_seed03,BranchAndBound,0.00036404101410880685,"(11.0, array([0., 1., 1.]))"
knapsack_n3_seed03,GomoryCuttingPlane,9.170902194455266e-05,"(11.0, array([0., 1., 1.]))"
knapsack_n3_seed03,SheraliAdams,0.0003726669820025563,"(11.0, array([0., 1., 1.]))"
knapsack_n3_seed04,BranchAndBound,0.0003703329712152481,"(10.0, array([ 1.,  1., -0.]))"
knapsack_n3_seed04,GomoryCuttingPlane,0.00010429101530462503,"(10.0, array([1., 1., 0.]))"
knapsack_n3_seed04,SheraliAdams,0.00032362499041482806,"(10.0, array([ 1.,  1., -0.]))"
knapsack_n3_seed05,BranchAndBound,0.0025654579512774944,"(9.0, array([-0., -0.,  1.]))"
knapsack_n3_seed05,GomoryCuttingPlane,0.0002850419841706753,"(9.0, array([0., 0., 1.]))"
knapsack_n3_seed05,SheraliAdams,0.0015244579990394413,"(9.0, array([-0., -0.,  1.]))"
knapsack_n3_seed06,BranchAndBound,0.00034308299655094743,"(9.0, array([ 1., -0.,  1.]))"
knapsack_n3_seed06,GomoryCuttingPlane,0.00010683300206437707,"(9.0, array([1., 0., 1.]))"
knapsack_n3_seed06,SheraliAdams,0.0003510840469971299,"(9.0, array([ 1., -0.,  1.]))"
knapsack_n3_seed07,BranchAndBound,0.002201499999500811,"(11.0, array([ 1., -0.,  1.]))"
knapsack_n3_seed07,GomoryCuttingPlane,0.00024616700829938054,"(11.0, array([1., 0., 1.]))"
knapsack_n3_seed07,SheraliAdams,0.001543082995340228,"(11.0, array([ 1., -0.,  1.]))"
knapsack_n3_seed08,BranchAndBound,0.00176679203286767,"(9.0, array([ 1., -0.,  1.]))"
knapsack_n3_seed08,GomoryCuttingPlane,0.00023091700859367847,"(9.0, array([1., 0., 1.]))"
knapsack_n3_seed08,SheraliAdams,0.0015546249924227595,"(9.0, array([ 1., -0.,  1.]))"
knapsack_n3_seed09,BranchAndBound,0.00031516700983047485,"(6.0, array([0., 0., 1.]))"
knapsack_n3_seed09,GomoryCuttingPlane,7.166696013882756e-05,"(6.0, array([0., 0., 1.]))"
knapsack_n3_seed09,SheraliAdams,0.000308333954308182,"(6.0, array([0., 0., 1.]))"
knapsack_n3_seed10,BranchAndBound,0.003072249994147569,"(4.0, array([-0., -0.,  1.]))"
knapsack_n3_seed10,GomoryCuttingPlane,0.00032541598193347454,"(4.0, array([0., 0., 1.]))"
knapsack_n3_seed10,SheraliAdams,0.0030727499979548156,"(4.0, array([ 0., -0.,  1.]))"
knapsack_n3_seed11,BranchAndBound,0.0013013749849051237,"(5.0, array([-0.,  1., -0.]))"
knapsack_n3_seed11,GomoryCuttingPlane,0.00032016600016504526,"(5.0, array([0., 1., 0.]))"
knapsack_n3_seed11,SheraliAdams,0.0026847089757211506,"(5.0, array([-0.,  1., -0.]))"
knapsack_n3_seed12,BranchAndBound,0.019468249985948205,"(9.0, array([-0., -0.,  1.]))"
knapsack_n3_seed12,GomoryCuttingPlane,0.0007110000005923212,"(9.0, array([0., 0., 1.]))"
knapsack_n3_seed12,SheraliAdams,0.003183332970365882,"(9.0, array([-0.,  0.,  1.]))"
knapsack_n3_seed13,BranchAndBound,0.009266374981962144,"(3.0, array([ 1., -0., -0.]))"
knapsack_n3_seed13,GomoryCuttingPlane,0.004671583999879658,"(3.0, array([1., 0., 0.]))"
knapsack_n3_seed13,SheraliAdams,0.007418791996315122,"(3.0, array([ 1., -0., -0.]))"
knapsack_n3_seed14,BranchAndBound,0.004044750006869435,"(7.0, array([-0., -0.,  1.]))"
knapsack_n3_seed14,GomoryCuttingPlane,0.0007004590006545186,"(7.0, array([0., 0., 1.]))"
knapsack_n3_seed14,SheraliAdams,0.0016168339643627405,"(7.0, array([-0., -0.,  1.]))"
knapsack_n3_seed15,BranchAndBound,0.005575416027568281,"(6.0, array([ 1., -0., -0.]))"
knapsack_n3_seed15,GomoryCuttingPlane,0.0010966670233756304,"(6.0, array([1., 0., 0.]))"
knapsack_n3_seed15,SheraliAdams,0.006013832986354828,"(6.0, array([ 1.,  0., -0.]))"
knapsack_n3_seed16,BranchAndBound,0.0013937920448370278,"(3.0, array([-0.,  1., -0.]))"
knapsack_n3_seed16,GomoryCuttingPlane,0.0003289590240456164,"(3.0, array([0., 1., 0.]))"
knapsack_n3_seed16,SheraliAdams,0.002743749995715916,"(3.0, array([-0.,  1., -0.]))"
knapsack_n3_seed17,BranchAndBound,0.0017846249975264072,"(0.0, array([-0., -0., -0.]))"
knapsack_n3_seed17,GomoryCuttingPlane,0.00045620801392942667,"(0.0, array([0., 0., 0.]))"
knapsack_n3_seed17,SheraliAdams,0.0028624999686144292,"(-0.0, array([-0., -0., -0.]))"
knapsack_n3_seed18,BranchAndBound,0.002067459048703313,"(4.0, array([-0.,  1., -0.]))"
knapsack_n3_seed18,GomoryCuttingPlane,0.00022845802595838904,"(4.0, array([0., 1., 0.]))"
knapsack_n3_seed18,SheraliAdams,0.002878541999962181,"(4.0, array([ 0.,  1., -0.]))"
knapsack_n3_seed19,BranchAndBound,0.001558624964673072,"(8.0, array([-0.,  1., -0.]))"
knapsack_n3_seed19,GomoryCuttingPlane,0.0003487499780021608,"(8.0, array([0., 1., 0.]))"
knapsack_n3_seed19,SheraliAdams,0.0028567080153152347,"(8.0, array([ 0.,  1., -0.]))"
knapsack_n4_seed00,BranchAndBound,0.00030187499942258,"(13.0, array([1., 0., 0., 1.]))"
knapsack_n4_seed00,GomoryCuttingPlane,0.00014816701877862215,"(13.0, array([1., 1., 0., 0.]))"
knapsack_n4_seed00,SheraliAdams,0.0003150000120513141,"(13.0, array([1., 0., 0., 1.]))"
knapsack_n4_seed01,BranchAndBound,0.002506958961021155,"(8.0, array([ 1., -0., -0.,  1.]))"
knapsack_n4_seed01,GomoryCuttingPlane,0.00032416603062301874,"(8.0, array([1., 0., 0., 1.]))"
knapsack_n4_seed01,SheraliAdams,0.004899666004348546,"(8.0, array([ 1.,  0., -0.,  1.]))"
knapsack_n4_seed02,BranchAndBound,0.0010969580034725368,"(11.0, array([1., 0., 0., 1.]))"
knapsack_n4_seed02,GomoryCuttingPlane,0.0003338750102557242,"(11.0, array([1., 0., 0., 1.]))"
knapsack_n4_seed02,SheraliAdams,0.004896499973256141,"(11.0, array([ 1., -0., -0.,  1.]))"
knapsack_n4_seed03,BranchAndBound,0.004326040972955525,"(11.0, array([-0.,  1., -0.,  1.]))"
knapsack_n4_seed03,GomoryCuttingPlane,0.002515833009965718,"(11.0, array([1., 0., 0., 1.]))"
knapsack_n4_seed03,SheraliAdams,0.014118166989646852,"(11.0, array([ 1., -0., -0.,  1.]))"
knapsack_n4_seed04,BranchAndBound,0.003930583014152944,"(8.0, array([ 1., -0., -0., -0.]))"
knapsack_n4_seed04,GomoryCuttingPlane,0.011871583992615342,"(8.0, array([1., 0., 0., 0.]))"
knapsack_n4_seed04,SheraliAdams,0.010940125037450343,"(8.0, array([ 1., -0.,  0.,  0.]))"
knapsack_n4_seed05,BranchAndBound,0.00035500002559274435,"(16.0, array([ 1., -0.,  1.,  1.]))"
knapsack_n4_seed05,GomoryCuttingPlane,0.00012699997751042247,"(16.0, array([1., 0., 1., 1.]))"
knapsack_n4_seed05,SheraliAdams,0.00035987497540190816,"(16.0, array([ 1., -0.,  1.,  1.]))"
knapsack_n4_seed06,BranchAndBound,0.0003060830058529973,"(7.0, array([0., 1., 0., 0.]))"
knapsack_n4_seed06,GomoryCuttingPlane,9.366602171212435e-05,"(7.0, array([0., 1., 0., 0.]))"
knapsack_n4_seed06,SheraliAdams,0.00031229096930474043,"(7.0, array([0., 1., 0., 0.]))"
knapsack_n4_seed07,BranchAndBound,0.0003287079744040966,"(17.0, array([-0.,  1.,  1.,  1.]))"
knapsack_n4_seed07,GomoryCuttingPlane,0.00013354100519791245,"(17.0, array([0., 1., 1., 1.]))"
knapsack_n4_seed07,SheraliAdams,0.00033775001065805554,"(17.0, array([-0.,  1.,  1.,  1.]))"
knapsack_n4_seed08,BranchAndBound,0.0026156670064665377,"(12.0, array([ 1.,  1., -0.,  1.]))"
knapsack_n4_seed08,GomoryCuttingPlane,0.000912874995265156,"(12.0, array([1., 1., 1., 0.]))"
knapsack_n4_seed08,SheraliAdams,0.011300540994852781,"(12.0, array([ 1.,  1.,  1., -0.]))"
knapsack_n4_seed09,BranchAndBound,0.000865417008753866,"(6.0, array([-0., -0.,  1.,  1.]))"
knapsack_n4_seed09,GomoryCuttingPlane,0.0002055829972960055,"(6.0, array([0., 0., 1., 1.]))"
knapsack_n4_seed09,SheraliAdams,0.0007462080102413893,"(6.0, array([-0., -0.,  1.,  1.]))"
knapsack_n4_seed10,BranchAndBound,0.001010584004689008,"(11.0, array([ 1., -0.,  1.,  0.]))"
knapsack_n4_seed10,GomoryCuttingPlane,0.0004522079834714532,"(11.0, array([1., 0., 1., 0.]))"
knapsack_n4_seed10,SheraliAdams,0.004475875000935048,"(11.0, array([ 1., -0.,  1.,  0.]))"
knapsack_n4_seed11,BranchAndBound,0.001948749995790422,"(3.0, array([-0., -0., -0.,  1.]))"
knapsack_n4_seed11,GomoryCuttingPlane,0.0003377909888513386,"(3.0, array([0., 0., 0., 1.]))"
knapsack_n4_seed11,SheraliAdams,0.004391999973449856,"(3.0, array([-0., -0., -0.,  1.]))"
knapsack_n4_seed12,BranchAndBound,0.004790834034793079,"(8.0, array([-0.,  1., -0., -0.]))"
knapsack_n4_seed12,GomoryCuttingPlane,0.00033537496346980333,"(8.0, array([0., 1., 0., 0.]))"
knapsack_n4_seed12,SheraliAdams,0.01349445799132809,"(8.0, array([ 0.,  1.,  0., -0.]))"
knapsack_n4_seed13,BranchAndBound,0.0030300829675979912,"(12.0, array([ 1.,  1., -0.,  1.]))"
knapsack_n4_seed13,GomoryCuttingPlane,0.0004100830410607159,"(12.0, array([1., 1., 0., 1.]))"
knapsack_n4_seed13,SheraliAdams,0.004743332974612713,"(12.0, array([ 1.,  1., -0.,  1.]))"
knapsack_n4_seed14,BranchAndBound,0.0040065000066533685,"(9.0, array([-0.,  1., -0.,  1.]))"
knapsack_n4_seed14,GomoryCuttingPlane,0.0006364169530570507,"(9.0, array([0., 1., 0., 1.]))"
knapsack_n4_seed14,SheraliAdams,0.004830167046748102,"(9.0, array([-0.,  1., -0.,  1.]))"
knapsack_n4_seed15,BranchAndBound,0.0010274160304106772,"(14.0, array([ 1.,  1.,  1., -0.]))"
knapsack_n4_seed15,GomoryCuttingPlane,0.00027829204918816686,"(14.0, array([1., 1., 1., 0.]))"
knapsack_n4_seed15,SheraliAdams,0.01370962499640882,"(14.0, array([ 1.,  1.,  1., -0.]))"
knapsack_n4_seed16,BranchAndBound,0.0035110830212943256,"(13.0, array([ 1., -0.,  1.,  0.]))"
knapsack_n4_seed16,GomoryCuttingPlane,0.0013150000013411045,"(13.0, array([0., 1., 1., 0.]))"
knapsack_n4_seed16,SheraliAdams,0.01402941602282226,"(13.0, array([-0.,  1.,  1., -0.]))"
knapsack_n4_seed17,BranchAndBound,0.002497916982974857,"(17.0, array([ 1., -0.,  1.,  1.]))"
knapsack_n4_seed17,GomoryCuttingPlane,0.0004299590364098549,"(17.0, array([1., 0., 1., 1.]))"
knapsack_n4_seed17,SheraliAdams,0.013924124999903142,"(17.0, array([ 1., -0.,  1.,  1.]))"
knapsack_n4_seed18,BranchAndBound,0.005509791022632271,"(12.0, array([ 1., -0.,  1., -0.]))"
knapsack_n4_seed18,GomoryCuttingPlane,0.0008717910386621952,"(12.0, array([1., 0., 1., 0.]))"
knapsack_n4_seed18,SheraliAdams,0.012448958994355053,"(12.0, array([ 1., -0.,  1., -0.]))"
knapsack_n4_seed19,BranchAndBound,0.001436582999303937,"(14.0, array([-0.,  1., -0.,  1.]))"
knapsack_n4_seed19,GomoryCuttingPlane,0.00035620899870991707,"(14.0, array([0., 1., 0., 1.]))"
knapsack_n4_seed19,SheraliAdams,0.005938916990999132,"(14.0, array([-0.,  1., -0.,  1.]))"
knapsack_n5_seed00,BranchAndBound,0.0042696670279838145,"(17.0, array([ 1., -0., -0.,  1.,  1.]))"
knapsack_n5_seed00,GomoryCuttingPlane,0.0007740420405752957,"(17.0, array([1., 0., 0., 1., 1.]))"
knapsack_n5_seed00,SheraliAdams,0.0065300409914925694,"(17.0, array([ 1., -0., -0.,  1.,  1.]))"
knapsack_n5_seed01,BranchAndBound,0.00038004200905561447,"(5.0, array([0., 0., 0., 0., 1.]))"
knapsack_n5_seed01,GomoryCuttingPlane,0.00011495797662064433,"(5.0, array([0., 0., 0., 0., 1.]))"
knapsack_n5_seed01,SheraliAdams,0.0003784170257858932,"(5.0, array([0., 0., 0., 0., 1.]))"
knapsack_n5_seed02,BranchAndBound,0.000495915999636054,"(13.0, array([ 1.,  1.,  0., -0.,  1.]))"
knapsack_n5_seed02,GomoryCuttingPlane,0.00017029204173013568,"(13.0, array([1., 1., 0., 0., 1.]))"
knapsack_n5_seed02,SheraliAdams,0.00038662494625896215,"(13.0, array([ 1.,  1.,  0., -0.,  1.]))"
knapsack_n5_seed03,BranchAndBound,0.003328791994135827,"(0.0, array([-0., -0., -0., -0., -0.]))"
knapsack_n5_seed03,GomoryCuttingPlane,0.0002473330241627991,"(0.0, array([0., 0., 0., 0., 0.]))"
knapsack_n5_seed03,SheraliAdams,0.07262208295287564,"(-0.0, array([ 0., -0., -0., -0., -0.]))"
knapsack_n5_seed04,BranchAndBound,0.00045195798156782985,"(11.0, array([1., 0., 0., 0., 1.]))"
knapsack_n5_seed04,GomoryCuttingPlane,0.0001414580037817359,"(11.0, array([1., 0., 0., 0., 1.]))"
knapsack_n5_seed04,SheraliAdams,0.0003671660088002682,"(11.0, array([1., 0., 0., 0., 1.]))"
knapsack_n5_seed05,BranchAndBound,0.00038541696267202497,"(13.0, array([0., 0., 1., 0., 1.]))"
knapsack_n5_seed05,GomoryCuttingPlane,0.00015541695756837726,"(13.0, array([1., 0., 0., 0., 1.]))"
knapsack_n5_seed05,SheraliAdams,0.00035975000355392694,"(13.0, array([0., 0., 1., 0., 1.]))"
knapsack_n5_seed06,BranchAndBound,0.003927999990992248,"(15.0, array([ 1., -0.,  1., -0., -0.]))"
knapsack_n5_seed06,GomoryCuttingPlane,0.004630665993317962,"(14.0, array([0., 0., 1., 1., 0.]))"
knapsack_n5_seed06,SheraliAdams,0.06103670800803229,"(15.0, array([ 1.,  0.,  1., -0.,  0.]))"
knapsack_n5_seed07,BranchAndBound,0.006149374996311963,"(21.0, array([ 1.,  1., -0.,  1., -0.]))"
knapsack_n5_seed07,GomoryCuttingPlane,0.006118167017120868,"(21.0, array([1., 1., 0., 1., 0.]))"
knapsack_n5_seed07,SheraliAdams,0.07405337499221787,"(21.0, array([ 1.,  1., -0., -0.,  1.]))"
knapsack_n5_seed08,BranchAndBound,0.0008779999916441739,"(9.0, array([ 1.,  0.,  0., -0.,  0.]))"
knapsack_n5_seed08,GomoryCuttingPlane,9.837502148002386e-05,"(9.0, array([1., 0., 0., 0., 0.]))"
knapsack_n5_seed08,SheraliAdams,0.0007712080259807408,"(9.0, array([ 1.,  0.,  0., -0.,  0.]))"
knapsack_n5_seed09,BranchAndBound,0.0008616669801995158,"(21.0, array([-0.,  1.,  1.,  1.,  1.]))"
knapsack_n5_seed09,GomoryCuttingPlane,0.0003233330207876861,"(21.0, array([0., 1., 1., 1., 1.]))"
knapsack_n5_seed09,SheraliAdams,0.0008394580218009651,"(21.0, array([-0.,  1.,  1.,  1.,  1.]))"
knapsack_n5_seed10,BranchAndBound,0.0012826659949496388,"(16.0, array([ 1.,  0., -0.,  0.,  1.]))"
knapsack_n5_seed10,GomoryCuttingPlane,0.00029191700741648674,"(16.0, array([1., 0., 0., 0., 1.]))"
knapsack_n5_seed10,SheraliAdams,0.07373737497255206,"(16.0, array([ 1.,  0., -0.,  0.,  1.]))"
knapsack_n5_seed11,BranchAndBound,0.0051097499672323465,"(19.0, array([ 1., -0., -0.,  1.,  1.]))"
knapsack_n5_seed11,GomoryCuttingPlane,0.035575708956457675,"(18.0, array([1., 0., 1., 1., 0.]))"
knapsack_n5_seed11,SheraliAdams,0.054460750019643456,"(19.0, array([ 1.,  0., -0.,  1.,  1.]))"
knapsack_n5_seed12,BranchAndBound,0.0030310419970192015,"(0.0, array([-0., -0., -0., -0., -0.]))"
knapsack_n5_seed12,GomoryCuttingPlane,0.00023329100804403424,"(0.0, array([0., 0., 0., 0., 0.]))"
knapsack_n5_seed12,SheraliAdams,0.052649375051259995,"(-0.0, array([ 0., -0., -0., -0., -0.]))"
knapsack_n5_seed13,BranchAndBound,0.0012142080231569707,"(13.0, array([0., 0., 1., 1., 0.]))"
knapsack_n5_seed13,GomoryCuttingPlane,0.0003363750292919576,"(13.0, array([0., 0., 1., 1., 0.]))"
knapsack_n5_seed13,SheraliAdams,0.016546416969504207,"(13.0, array([ 0.,  0.,  1.,  1., -0.]))"
knapsack_n5_seed14,BranchAndBound,0.0004326660418882966,"(14.0, array([ 1.,  0.,  1.,  0., -0.]))"
knapsack_n5_seed14,GomoryCuttingPlane,0.00014412502059713006,"(14.0, array([1., 0., 1., 0., 0.]))"
knapsack_n5_seed14,SheraliAdams,0.00041391601553186774,"(14.0, array([ 1.,  0.,  1.,  0., -0.]))"
knapsack_n5_seed15,BranchAndBound,0.003023333032615483,"(11.0, array([ 1., -0., -0.,  1., -0.]))"
knapsack_n5_seed15,GomoryCuttingPlane,0.0007200829568319023,"(11.0, array([1., 0., 0., 1., 0.]))"
knapsack_n5_seed15,SheraliAdams,0.06903641601093113,"(11.0, array([ 1., -0., -0.,  1., -0.]))"
knapsack_n5_seed16,BranchAndBound,0.000449958024546504,"(7.0, array([ 1., -0.,  0.,  0.,  0.]))"
knapsack_n5_seed16,GomoryCuttingPlane,0.00010712502989917994,"(7.0, array([1., 0., 0., 0., 0.]))"
knapsack_n5_seed16,SheraliAdams,0.0005724999937228858,"(7.0, array([ 1., -0.,  0.,  0.,  0.]))"
knapsack_n5_seed17,BranchAndBound,0.002680624951608479,"(4.0, array([-0., -0., -0., -0.,  1.]))"
knapsack_n5_seed17,GomoryCuttingPlane,0.00024141697213053703,"(4.0, array([0., 0., 0., 0., 1.]))"
knapsack_n5_seed17,SheraliAdams,0.016907375014852732,"(4.0, array([-0., -0., -0., -0.,  1.]))"
knapsack_n5_seed18,BranchAndBound,0.004031291988212615,"(24.0, array([ 1., -0.,  1.,  1., -0.]))"
knapsack_n5_seed18,GomoryCuttingPlane,0.0015457079862244427,"(24.0, array([0., 1., 1., 1., 1.]))"
knapsack_n5_seed18,SheraliAdams,0.06584662501700222,"(24.0, array([ 1., -0.,  1.,  1., -0.]))"
knapsack_n5_seed19,BranchAndBound,0.00038591702468693256,"(8.0, array([0., 0., 0., 1., 0.]))"
knapsack_n5_seed19,GomoryCuttingPlane,0.00012366595910862088,"(8.0, array([0., 0., 0., 1., 0.]))"
knapsack_n5_seed19,SheraliAdams,0.00044012500438839197,"(8.0, array([0., 0., 0., 1., 0.]))"
knapsack_n6_seed00,BranchAndBound,0.00036808301229029894,"(23.0, array([0., 0., 1., 1., 1., 1.]))"
knapsack_n6_seed00,GomoryCuttingPlane,0.00021629099501296878,"(23.0, array([0., 1., 1., 1., 0., 1.]))"
knapsack_n6_seed00,SheraliAdams,0.0003558750031515956,"(23.0, array([0., 0., 1., 1., 1., 1.]))"
knapsack_n6_seed01,BranchAndBound,0.0038013329613022506,"(18.0, array([-0.,  1.,  0.,  1.,  1.,  1.]))"
knapsack_n6_seed01,GomoryCuttingPlane,0.00032900000223889947,"(18.0, array([0., 1., 1., 0., 1., 1.]))"
knapsack_n6_seed01,SheraliAdams,0.0010899580083787441,"(18.0, array([-0.,  1.,  0.,  1.,  1.,  1.]))"
knapsack_n6_seed02,BranchAndBound,0.0035774579737335443,"(0.0, array([-0., -0., -0., -0., -0., -0.]))"
knapsack_n6_seed02,GomoryCuttingPlane,0.00034549995325505733,"(0.0, array([0., 0., 0., 0., 0., 0.]))"
knapsack_n6_seed02,SheraliAdams,0.3096232080133632,"(-0.0, array([ 0., -0., -0., -0., -0., -0.]))"
knapsack_n6_seed03,BranchAndBound,0.004662875027861446,"(18.0, array([ 0.,  1.,  1., -0.,  0.,  1.]))"
knapsack_n6_seed03,GomoryCuttingPlane,0.002255457977298647,"(19.0, array([0., 1., 0., 1., 0., 1.]))"
knapsack_n6_seed03,SheraliAdams,0.3428747080033645,"(18.000000000000004, array([1.00000000e+00, 1.50990331e-14, 1.00000000e+00, 9.90141053e-15,
       0.00000000e+00, 1.00000000e+00]))"
knapsack_n6_seed04,BranchAndBound,0.0064258750062435865,"(27.0, array([-0.,  1., -0.,  1.,  1.,  1.]))"
knapsack_n6_seed04,GomoryCuttingPlane,0.0005376660265028477,"(27.0, array([0., 1., 0., 1., 1., 1.]))"
knapsack_n6_seed04,SheraliAdams,0.008127458044327796,"(27.0, array([-0.,  1., -0.,  1.,  1.,  1.]))"
knapsack_n6_seed05,BranchAndBound,0.007211124990135431,"(24.0, array([-0.,  1.,  1.,  1.,  1., -0.]))"
knapsack_n6_seed05,GomoryCuttingPlane,0.0012630000128410757,"(24.0, array([0., 1., 1., 1., 1., 0.]))"
knapsack_n6_seed05,SheraliAdams,0.3382940419833176,"(23.999999999999993, array([-0.,  1.,  1.,  1.,  1., -0.]))"
knapsack_n6_seed06,BranchAndBound,0.00818391697248444,"(19.0, array([-0.,  1.,  1., -0.,  1., -0.]))"
knapsack_n6_seed06,GomoryCuttingPlane,0.0005875409697182477,"(19.0, array([0., 1., 1., 0., 1., 0.]))"
knapsack_n6_seed06,SheraliAdams,0.32333741697948426,"(19.0, array([ 0.,  1.,  1., -0.,  1.,  0.]))"
knapsack_n6_seed07,BranchAndBound,0.003459291998296976,"(16.0, array([ 1.,  1.,  0., -0.,  0.,  1.]))"
knapsack_n6_seed07,GomoryCuttingPlane,0.0009321249672211707,"(16.0, array([1., 1., 0., 0., 0., 1.]))"
knapsack_n6_seed07,SheraliAdams,0.3188507910235785,"(16.0, array([ 1.,  1.,  0., -0.,  0.,  1.]))"
knapsack_n6_seed08,BranchAndBound,0.0026737499865703285,"(28.0, array([-0.,  1.,  1.,  1., -0.,  1.]))"
knapsack_n6_seed08,GomoryCuttingPlane,0.0005128749762661755,"(28.0, array([0., 1., 1., 1., 0., 1.]))"
knapsack_n6_seed08,SheraliAdams,0.09608275000937283,"(28.0, array([0., 1., 1., 1., 0., 1.]))"
knapsack_n6_seed09,BranchAndBound,0.002739333955105394,"(28.0, array([ 1., -0.,  1.,  1.,  1.,  1.]))"
knapsack_n6_seed09,GomoryCuttingPlane,0.00040341599378734827,"(28.0, array([1., 0., 1., 1., 1., 1.]))"
knapsack_n6_seed09,SheraliAdams,0.00237574998755008,"(28.0, array([ 1., -0.,  1.,  1.,  1.,  1.]))"
knapsack_n6_seed10,BranchAndBound,0.00038962496910244226,"(29.0, array([ 1., -0.,  1.,  0.,  1.,  1.]))"
knapsack_n6_seed10,GomoryCuttingPlane,0.00019508297555148602,"(29.0, array([1., 0., 1., 0., 1., 1.]))"
knapsack_n6_seed10,SheraliAdams,0.0003928330261260271,"(29.0, array([ 1., -0.,  1.,  0.,  1.,  1.]))"
knapsack_n6_seed11,BranchAndBound,0.001397250045556575,"(16.0, array([ 1., -0., -0.,  1.,  1.,  0.]))"
knapsack_n6_seed11,GomoryCuttingPlane,0.0002911670017056167,"(16.0, array([1., 0., 0., 1., 1., 0.]))"
knapsack_n6_seed11,SheraliAdams,0.007562207989394665,"(16.0, array([ 1.,  0., -0.,  1.,  1.,  0.]))"
knapsack_n6_seed12,BranchAndBound,0.008691916998941451,"(15.0, array([-0., -0.,  1.,  1., -0.,  1.]))"
knapsack_n6_seed12,GomoryCuttingPlane,0.0009234590106643736,"(15.0, array([0., 0., 1., 1., 0., 1.]))"
knapsack_n6_seed12,SheraliAdams,0.32989225001074374,"(15.0, array([-0., -0.,  1., -0.,  1.,  1.]))"
knapsack_n6_seed13,BranchAndBound,0.0033337909844703972,"(28.0, array([ 1.,  1.,  1., -0.,  1.,  1.]))"
knapsack_n6_seed13,GomoryCuttingPlane,0.00036345800617709756,"(28.0, array([1., 1., 1., 0., 1., 1.]))"
knapsack_n6_seed13,SheraliAdams,0.033044208015780896,"(28.0, array([ 1.,  1.,  1., -0.,  1.,  1.]))"
knapsack_n6_seed14,BranchAndBound,0.009055250033270568,"(8.0, array([-0.,  1.,  1.,  1., -0., -0.]))"
knapsack_n6_seed14,GomoryCuttingPlane,0.000968958018347621,"(8.0, array([0., 1., 1., 1., 0., 0.]))"
knapsack_n6_seed14,SheraliAdams,0.3214350829948671,"(8.0, array([ 0.,  1.,  1.,  1., -0., -0.]))"
knapsack_n6_seed15,BranchAndBound,0.006563000031746924,"(16.0, array([ 1., -0.,  1., -0.,  1.,  1.]))"
knapsack_n6_seed15,GomoryCuttingPlane,0.0004988749860785902,"(16.0, array([1., 0., 1., 0., 1., 1.]))"
knapsack_n6_seed15,SheraliAdams,0.3384806250105612,"(16.0, array([ 1., -0.,  1., -0.,  1.,  1.]))"
knapsack_n6_seed16,BranchAndBound,0.009305540996138006,"(23.0, array([-0.,  1.,  1.,  1., -0., -0.]))"
knapsack_n6_seed16,GomoryCuttingPlane,0.011132416955661029,fail: ValueError: Initial tableau is not primal feasible. Use TwoPhaseSimplex for problems with negative right-hand side values.
knapsack_n6_seed16,SheraliAdams,0.31986416602740064,"(23.0, array([-0.,  1.,  1.,  1., -0.,  0.]))"
knapsack_n6_seed17,BranchAndBound,0.0032522089895792305,"(19.0, array([ 1., -0.,  1.,  1., -0.,  1.]))"
knapsack_n6_seed17,GomoryCuttingPlane,0.0009057080023922026,"(19.0, array([1., 0., 1., 1., 0., 1.]))"
knapsack_n6_seed17,SheraliAdams,0.32958974997745827,"(19.0, array([ 1., -0.,  1.,  1., -0.,  1.]))"
knapsack_n6_seed18,BranchAndBound,0.0026734170387499034,"(17.0, array([0., 1., 1., 0., 1., 0.]))"
knapsack_n6_seed18,GomoryCuttingPlane,0.0005850000306963921,"(17.0, array([0., 1., 1., 0., 1., 0.]))"
knapsack_n6_seed18,SheraliAdams,0.0846287080203183,"(17.0, array([-0.,  1.,  1., -0.,  1.,  0.]))"
knapsack_n6_seed19,BranchAndBound,0.00037712499033659697,"(7.0, array([0., 0., 0., 1., 0., 0.]))"
knapsack_n6_seed19,GomoryCuttingPlane,0.00012954202247783542,"(7.0, array([0., 0., 0., 1., 0., 0.]))"
knapsack_n6_seed19,SheraliAdams,0.0004717090050689876,"(7.0, array([0., 0., 0., 1., 0., 0.]))"
knapsack_n7_seed00,BranchAndBound,0.0033287499682046473,"(23.0, array([ 0.,  1.,  0.,  1.,  0., -0.,  1.]))"
knapsack_n7_seed00,GomoryCuttingPlane,0.0014469170127995312,"(23.0, array([0., 1., 0., 1., 0., 0., 1.]))"
knapsack_n7_seed00,SheraliAdams,2.122856625006534,"(23.0, array([ 0.00000000e+00,  1.00000000e+00,  0.00000000e+00,  1.00000000e+00,
       -1.22619014e-14, -0.00000000e+00,  1.00000000e+00]))"
knapsack_n7_seed01,BranchAndBound,0.0038238329580053687,"(25.0, array([1., 0., 0., 1., 0., 0., 1.]))"
knapsack_n7_seed01,GomoryCuttingPlane,0.0009337079827673733,"(25.0, array([1., 0., 0., 1., 0., 0., 1.]))"
knapsack_n7_seed01,SheraliAdams,2.106858042010572,"(25.0, array([ 1.,  0.,  0.,  1., -0.,  0.,  1.]))"
knapsack_n7_seed02,BranchAndBound,0.0037905420176684856,"(8.0, array([ 0.,  0.,  0., -0.,  0.,  1.,  0.]))"
knapsack_n7_seed02,GomoryCuttingPlane,0.002447291975840926,"(8.0, array([0., 0., 0., 0., 0., 1., 0.]))"
knapsack_n7_seed02,SheraliAdams,2.074921541963704,"(8.0, array([-0., -0.,  0., -0.,  0.,  1.,  0.]))"
knapsack_n7_seed03,BranchAndBound,0.005248666042461991,"(17.0, array([ 1.,  1., -0.,  1., -0.,  0., -0.]))"
knapsack_n7_seed03,GomoryCuttingPlane,0.04571137501625344,"(17.0, array([0., 0., 1., 1., 0., 0., 0.]))"
knapsack_n7_seed03,SheraliAdams,2.1030708749894984,"(17.0, array([-0.,  1.,  1.,  1., -0., -0.,  0.]))"
knapsack_n7_seed04,BranchAndBound,0.0053052500006742775,"(15.0, array([-0.,  1., -0., -0.,  1., -0.,  1.]))"
knapsack_n7_seed04,GomoryCuttingPlane,0.0031111250282265246,"(15.0, array([0., 1., 0., 0., 1., 0., 1.]))"
knapsack_n7_seed04,SheraliAdams,2.0678957080235705,"(15.0, array([-0.,  1.,  0., -0.,  1.,  0.,  1.]))"
knapsack_n7_seed05,BranchAndBound,0.004452000022865832,"(31.0, array([ 1., -0., -0.,  1.,  1.,  1.,  1.]))"
knapsack_n7_seed05,GomoryCuttingPlane,0.0005610420485027134,"(31.0, array([1., 0., 0., 1., 1., 1., 1.]))"
knapsack_n7_seed05,SheraliAdams,0.1273675419506617,"(31.0, array([ 1.,  0., -0.,  1.,  1.,  1.,  1.]))"
knapsack_n7_seed06,BranchAndBound,0.007021375000476837,"(10.0, array([ 0.,  1., -0., -0., -0., -0.,  1.]))"
knapsack_n7_seed06,GomoryCuttingPlane,0.001340000017080456,"(10.0, array([0., 1., 0., 0., 0., 0., 1.]))"
knapsack_n7_seed06,SheraliAdams,2.0680462500313297,"(10.0, array([-0.,  1., -0., -0., -0., -0.,  1.]))"
knapsack_n7_seed07,BranchAndBound,0.0014503749553114176,"(22.0, array([ 1.,  1.,  1.,  1.,  0., -0.,  0.]))"
knapsack_n7_seed07,GomoryCuttingPlane,0.00036445900332182646,"(22.0, array([1., 1., 1., 1., 0., 0., 0.]))"
knapsack_n7_seed07,SheraliAdams,0.010310875019058585,"(22.0, array([ 1.,  1.,  1.,  1.,  0., -0.,  0.]))"
knapsack_n7_seed08,BranchAndBound,0.0012042500311508775,"(30.0, array([ 1.,  1.,  1.,  1., -0.,  1.,  1.]))"
knapsack_n7_seed08,GomoryCuttingPlane,0.0005124590243212879,"(30.0, array([1., 1., 1., 1., 0., 1., 1.]))"
knapsack_n7_seed08,SheraliAdams,0.14428920805221424,"(30.0, array([ 1.,  1.,  1.,  1., -0.,  1.,  1.]))"
knapsack_n7_seed09,BranchAndBound,0.019330625014845282,"(9.0, array([-0., -0.,  1., -0., -0., -0., -0.]))"
knapsack_n7_seed09,GomoryCuttingPlane,0.003415208018850535,"(9.0, array([0., 0., 1., 0., 0., 0., 0.]))"
knapsack_n7_seed09,SheraliAdams,2.099307541968301,"(9.0, array([ 0.,  0., -0., -0.,  0.,  0.,  1.]))"
knapsack_n7_seed10,BranchAndBound,0.006705000007059425,"(12.0, array([-0.,  1.,  1.,  1., -0., -0., -0.]))"
knapsack_n7_seed10,GomoryCuttingPlane,0.002054167038295418,"(12.0, array([0., 1., 1., 1., 0., 0., 0.]))"
knapsack_n7_seed10,SheraliAdams,2.1166822500526905,"(12.0, array([-0.,  1.,  1.,  1.,  0.,  0., -0.]))"
knapsack_n7_seed11,BranchAndBound,0.013070749992039055,"(14.0, array([ 1., -0., -0.,  1.,  1.,  1., -0.]))"
knapsack_n7_seed11,GomoryCuttingPlane,0.004252832964994013,"(14.0, array([1., 0., 1., 1., 0., 1., 0.]))"
knapsack_n7_seed11,SheraliAdams,2.1033087500254624,"(14.000000000000002, array([ 2.88657986e-15,  0.00000000e+00,  3.17523785e-15,  1.00000000e+00,
       -0.00000000e+00,  1.00000000e+00,  1.00000000e+00]))"
knapsack_n7_seed12,BranchAndBound,0.0013361659948714077,"(9.0, array([-0.,  0.,  1.,  0.,  0.,  0.,  0.]))"
knapsack_n7_seed12,GomoryCuttingPlane,0.0003820419660769403,"(9.0, array([1., 0., 0., 1., 0., 0., 0.]))"
knapsack_n7_seed12,SheraliAdams,0.009474333026446402,"(9.0, array([-0.,  0.,  1.,  0.,  0.,  0.,  0.]))"
knapsack_n7_seed13,BranchAndBound,0.007845167012419552,"(19.0, array([-0., -0., -0., -0.,  1.,  1.,  1.]))"
knapsack_n7_seed13,GomoryCuttingPlane,0.0013352910173125565,"(19.0, array([0., 0., 0., 0., 1., 1., 1.]))"
knapsack_n7_seed13,SheraliAdams,2.1172910000314005,"(19.000000000000014, array([-0.,  0., -0., -0.,  1.,  1.,  1.]))"
knapsack_n7_seed14,BranchAndBound,0.006498459028080106,"(18.0, array([ 1.,  1.,  1.,  0., -0.,  0.,  0.]))"
knapsack_n7_seed14,GomoryCuttingPlane,0.01827716699335724,"(19.0, array([1., 0., 1., 1., 1., 0., 0.]))"
knapsack_n7_seed14,SheraliAdams,2.1133644999936223,"(18.000000000000004, array([-0.00000000e+00, -3.51864396e-16,  1.00000000e+00, -0.00000000e+00,
        1.00000000e+00, -0.00000000e+00,  1.00000000e+00]))"
knapsack_n7_seed15,BranchAndBound,0.0021737500210292637,"(45.0, array([ 1.,  1.,  1.,  1., -0.,  1.,  1.]))"
knapsack_n7_seed15,GomoryCuttingPlane,0.0004088749992661178,"(45.0, array([1., 1., 1., 1., 0., 1., 1.]))"
knapsack_n7_seed15,SheraliAdams,0.13449520798167214,"(45.0, array([ 1.,  1.,  1.,  1., -0.,  1.,  1.]))"
knapsack_n7_seed16,BranchAndBound,0.0055773749481886625,"(27.0, array([-0.,  1.,  0.,  1.,  1.,  1., -0.]))"
knapsack_n7_seed16,GomoryCuttingPlane,0.001674707978963852,"(27.0, array([0., 1., 0., 1., 1., 1., 0.]))"
knapsack_n7_seed16,SheraliAdams,2.1546622089808807,"(27.0, array([ 0.,  1.,  0.,  1.,  1.,  1., -0.]))"
knapsack_n7_seed17,BranchAndBound,0.010480083001311868,"(24.0, array([ 0., -0.,  1.,  1., -0.,  1.,  1.]))"
knapsack_n7_seed17,GomoryCuttingPlane,0.0007598749944008887,"(24.0, array([0., 0., 1., 1., 0., 1., 1.]))"
knapsack_n7_seed17,SheraliAdams,2.36321516596945,"(24.0, array([ 0.,  0.,  1.,  1., -0.,  1.,  1.]))"
knapsack_n7_seed18,BranchAndBound,0.014511583023704588,"(21.0, array([-0.,  1., -0., -0.,  1., -0.,  1.]))"
knapsack_n7_seed18,GomoryCuttingPlane,0.004710500012151897,"(21.0, array([0., 1., 0., 0., 1., 0., 1.]))"
knapsack_n7_seed18,SheraliAdams,2.4656548750353977,"(21.0, array([-0.,  1., -0., -0.,  1., -0.,  1.]))"
knapsack_n7_seed19,BranchAndBound,0.009929000050760806,"(27.0, array([-0.,  1., -0., -0.,  1.,  1.,  1.]))"
knapsack_n7_seed19,GomoryCuttingPlane,0.0006008330383338034,"(27.0, array([0., 1., 0., 0., 1., 1., 1.]))"
knapsack_n7_seed19,SheraliAdams,0.031907791970297694,"(27.0, array([-0.,  1., -0., -0.,  1.,  1.,  1.]))"
knapsack_n8_seed00,BranchAndBound,0.0017840000218711793,"(15.0, array([0., 0., 0., 0., 1., 1., 0., 0.]))"
knapsack_n8_seed00,GomoryCuttingPlane,0.0006012919475324452,"(15.0, array([0., 0., 0., 0., 1., 1., 0., 0.]))"
knapsack_n8_seed00,SheraliAdams,14.832506000006106,"(15.0, array([ 0., -0.,  0., -0.,  1.,  1.,  0.,  0.]))"
knapsack_n8_seed01,BranchAndBound,0.0077697919914498925,"(30.0, array([-0.,  1.,  1.,  1.,  1., -0.,  1.,  1.]))"
knapsack_n8_seed01,GomoryCuttingPlane,0.032843541994225234,"(30.0, array([0., 1., 1., 1., 1., 0., 1., 1.]))"
knapsack_n8_seed01,SheraliAdams,0.8656232919893228,"(30.0, array([ 1.,  1.,  1.,  1., -0., -0.,  1.,  1.]))"
knapsack_n8_seed02,BranchAndBound,0.005087416968308389,"(28.0, array([ 1.,  1.,  1.,  1., -0.,  1.,  1.,  1.]))"
knapsack_n8_seed02,GomoryCuttingPlane,0.0038257500273175538,"(28.0, array([1., 0., 1., 1., 1., 1., 1., 0.]))"
knapsack_n8_seed02,SheraliAdams,16.021115000010468,"(28.000000000000234, array([ 1.00000000e+00,  1.97162800e-14,  1.00000000e+00,  1.00000000e+00,
        1.00000000e+00,  1.00000000e+00,  1.00000000e+00, -4.52341074e-13]))"
knapsack_n8_seed03,BranchAndBound,0.0030445000156760216,"(35.0, array([ 1., -0.,  1.,  1.,  1.,  1., -0., -0.]))"
knapsack_n8_seed03,GomoryCuttingPlane,0.0006854580133222044,"(35.0, array([1., 0., 1., 1., 1., 1., 0., 0.]))"
knapsack_n8_seed03,SheraliAdams,15.337836832972243,"(35.0, array([ 1.00000000e+00, -1.03081561e-16,  1.00000000e+00,  1.00000000e+00,
        1.00000000e+00,  1.00000000e+00, -0.00000000e+00, -0.00000000e+00]))"
knapsack_n8_seed04,BranchAndBound,0.018213541945442557,"(27.0, array([ 1.,  1., -0., -0., -0.,  1.,  1.,  1.]))"
knapsack_n8_seed04,GomoryCuttingPlane,0.0006660840008407831,"(27.0, array([1., 1., 0., 0., 0., 1., 1., 1.]))"
knapsack_n8_seed04,SheraliAdams,0.1788153339875862,"(27.0, array([ 1.,  1., -0., -0., -0.,  1.,  1.,  1.]))"
knapsack_n8_seed05,BranchAndBound,0.013872999988961965,"(19.0, array([ 1., -0.,  1.,  1., -0.,  1.,  0., -0.]))"
knapsack_n8_seed05,GomoryCuttingPlane,0.014486750005744398,"(19.0, array([1., 0., 1., 1., 0., 0., 0., 1.]))"
knapsack_n8_seed05,SheraliAdams,3.5747806250001304,"(19.0, array([ 1., -0.,  1.,  1., -0., -0., -0.,  1.]))"
knapsack_n8_seed06,BranchAndBound,0.00826895801583305,"(26.0, array([ 1., -0., -0.,  1.,  1.,  1.,  1., -0.]))"
knapsack_n8_seed06,GomoryCuttingPlane,0.03204491699580103,"(26.0, array([1., 0., 0., 1., 1., 1., 0., 1.]))"
knapsack_n8_seed06,SheraliAdams,15.50824391603237,"(25.999999999999993, array([ 1.00000000e+00,  0.00000000e+00,  1.39899814e-15,  1.00000000e+00,
        1.00000000e+00,  1.00000000e+00,  1.00000000e+00, -3.13082893e-14]))"
knapsack_n8_seed07,BranchAndBound,0.00875662500038743,"(27.0, array([ 1., -0.,  1., -0., -0.,  1.,  1., -0.]))"
knapsack_n8_seed07,GomoryCuttingPlane,0.001133750018198043,"(27.0, array([1., 0., 1., 0., 0., 1., 1., 0.]))"
knapsack_n8_seed07,SheraliAdams,15.347234082990326,"(27.0, array([ 1.00000000e+00,  1.31006317e-14,  1.00000000e+00, -8.38080468e-15,
        0.00000000e+00,  1.00000000e+00,  1.00000000e+00, -0.00000000e+00]))"
knapsack_n8_seed08,BranchAndBound,0.015215916966553777,"(31.0, array([ 1., -0.,  1.,  1.,  1., -0., -0.,  1.]))"
knapsack_n8_seed08,GomoryCuttingPlane,0.03960675001144409,"(31.0, array([0., 1., 0., 1., 1., 1., 0., 1.]))"
knapsack_n8_seed08,SheraliAdams,3.6698452080017887,"(31.00000000000001, array([-0.00000000e+00,  1.00000000e+00,  5.80646483e-15,  1.00000000e+00,
        1.00000000e+00,  1.00000000e+00, -0.00000000e+00,  1.00000000e+00]))"
knapsack_n8_seed09,BranchAndBound,0.0023132499773055315,"(26.0, array([1., 0., 0., 0., 1., 1., 0., 1.]))"
knapsack_n8_seed09,GomoryCuttingPlane,0.00045837496872991323,"(26.0, array([1., 0., 0., 0., 1., 1., 0., 1.]))"
knapsack_n8_seed09,SheraliAdams,15.167200583033264,"(26.000000000000014, array([ 1.00000000e+00,  1.00000000e+00,  0.00000000e+00,  0.00000000e+00,
        1.00000000e+00, -2.58068631e-15, -0.00000000e+00,  1.00000000e+00]))"
knapsack_n8_seed10,BranchAndBound,0.00405408296501264,"(13.0, array([-0.,  1., -0., -0., -0., -0.,  1.,  1.]))"
knapsack_n8_seed10,GomoryCuttingPlane,0.001184042019303888,"(13.0, array([0., 1., 0., 0., 0., 0., 1., 1.]))"
knapsack_n8_seed10,SheraliAdams,0.7328866660245694,"(13.0, array([-0.,  1., -0., -0., -0.,  0.,  1.,  1.]))"
knapsack_n8_seed11,BranchAndBound,0.0086833750247024,"(27.0, array([-0., -0., -0.,  1., -0.,  1.,  1.,  1.]))"
knapsack_n8_seed11,GomoryCuttingPlane,0.03676179202739149,"(27.0, array([0., 0., 0., 1., 0., 1., 1., 1.]))"
knapsack_n8_seed11,SheraliAdams,0.17627395904855803,"(27.0, array([-0., -0., -0.,  1., -0.,  1.,  1.,  1.]))"
knapsack_n8_seed12,BranchAndBound,0.028553790994919837,"(20.0, array([-0., -0.,  1.,  1., -0., -0., -0.,  1.]))"
knapsack_n8_seed12,GomoryCuttingPlane,0.006627958966419101,"(20.0, array([0., 0., 1., 1., 0., 0., 0., 1.]))"
knapsack_n8_seed12,SheraliAdams,14.991741082980298,"(20.0, array([-0., -0.,  1.,  1., -0.,  0.,  0.,  1.]))"
knapsack_n8_seed13,BranchAndBound,0.007639000017661601,"(24.0, array([-0.,  1., -0.,  1.,  1.,  1.,  1.,  1.]))"
knapsack_n8_seed13,GomoryCuttingPlane,0.0006207909900695086,"(24.0, array([0., 1., 0., 1., 1., 1., 1., 1.]))"
knapsack_n8_seed13,SheraliAdams,0.011629916029050946,"(24.0, array([-0.,  1., -0.,  1.,  1.,  1.,  1.,  1.]))"
knapsack_n8_seed14,BranchAndBound,0.00046362500870600343,"(32.0, array([ 0., -0.,  1.,  1.,  1.,  1.,  0.,  0.]))"
knapsack_n8_seed14,GomoryCuttingPlane,0.0003562079509720206,"(32.0, array([0., 0., 1., 1., 1., 1., 0., 0.]))"
knapsack_n8_seed14,SheraliAdams,0.00046512496192008257,"(32.0, array([ 0., -0.,  1.,  1.,  1.,  1.,  0.,  0.]))"
knapsack_n8_seed15,BranchAndBound,0.018546958977822214,"(26.0, array([ 1., -0., -0., -0.,  1., -0.,  1.,  1.]))"
knapsack_n8_seed15,GomoryCuttingPlane,0.005086459044832736,"(27.0, array([1., 1., 0., 0., 1., 0., 1., 1.]))"
knapsack_n8_seed15,SheraliAdams,15.416846917010844,"(26.00000000000002, array([ 1.00000000e+00,  4.20774526e-14, -3.39728246e-14,  0.00000000e+00,
        1.00000000e+00, -1.48543452e-14,  1.00000000e+00,  1.00000000e+00]))"
knapsack_n8_seed16,BranchAndBound,0.009756041050422937,"(10.0, array([ 1., -0., -0.,  1., -0., -0., -0., -0.]))"
knapsack_n8_seed16,GomoryCuttingPlane,0.01372870896011591,"(10.0, array([1., 0., 0., 1., 0., 0., 0., 0.]))"
knapsack_n8_seed16,SheraliAdams,14.862766125006601,"(10.0, array([ 1., -0.,  0.,  1.,  0.,  0.,  0.,  0.]))"
knapsack_n8_seed17,BranchAndBound,0.003730249998625368,"(39.0, array([-0.,  1.,  1.,  1.,  1.,  1.,  1., -0.]))"
knapsack_n8_seed17,GomoryCuttingPlane,0.0004700830322690308,"(39.0, array([0., 1., 1., 1., 1., 1., 1., 0.]))"
knapsack_n8_seed17,SheraliAdams,15.670476875035092,"(38.999999999999986, array([ 0.00000000e+00,  1.00000000e+00,  1.00000000e+00,  1.00000000e+00,
        1.00000000e+00,  1.00000000e+00,  1.00000000e+00, -1.51451729e-14]))"
knapsack_n8_seed18,BranchAndBound,0.009690709004644305,"(19.0, array([-0.,  1., -0.,  0.,  1., -0., -0.,  1.]))"
knapsack_n8_seed18,GomoryCuttingPlane,0.00802354101324454,"(19.0, array([0., 1., 0., 0., 1., 0., 0., 1.]))"
knapsack_n8_seed18,SheraliAdams,14.972937874961644,"(19.0, array([ 0.,  1., -0.,  0.,  1.,  0., -0.,  1.]))"
knapsack_n8_seed19,BranchAndBound,0.008037000021431595,"(37.0, array([ 1.,  0.,  1.,  1.,  1.,  0.,  1., -0.]))"
knapsack_n8_seed19,GomoryCuttingPlane,0.0017504580318927765,"(39.0, array([0., 0., 1., 1., 1., 0., 1., 1.]))"
knapsack_n8_seed19,SheraliAdams,15.397046875033993,"(37.00000000000004, array([3.38776626e-14, 1.76585175e-14, 1.00000000e+00, 1.00000000e+00,
       1.00000000e+00, 6.95543328e-15, 1.00000000e+00, 1.00000000e+00]))"
knapsack_n9_seed00,BranchAndBound,0.01331670896615833,"(37.0, array([ 1.,  1.,  1., -0., -0.,  1.,  1.,  0.,  1.]))"
knapsack_n9_seed00,GomoryCuttingPlane,0.002015917038079351,"(37.0, array([1., 1., 1., 0., 0., 1., 1., 0., 1.]))"
knapsack_n9_seed00,SheraliAdams,128.51665120897815,"(37.0, array([ 1.00000000e+00,  1.00000000e+00,  1.00000000e+00,  1.52934995e-12,
        8.39547375e-13,  1.00000000e+00,  1.00000000e+00, -3.33561913e-14,
        1.00000000e+00]))"
knapsack_n9_seed01,BranchAndBound,0.0008377500344067812,"(24.0, array([ 1.,  0.,  1.,  0., -0.,  1.,  1.,  0.,  0.]))"
knapsack_n9_seed01,GomoryCuttingPlane,0.0003062079777009785,"(24.0, array([1., 0., 1., 0., 0., 1., 1., 0., 0.]))"
knapsack_n9_seed01,SheraliAdams,0.0005095000378787518,"(24.0, array([ 1.,  0.,  1.,  0., -0.,  1.,  1.,  0.,  0.]))"
knapsack_n9_seed02,BranchAndBound,0.01407841598847881,"(21.0, array([-0., -0.,  1.,  1.,  1., -0., -0., -0.,  1.]))"
knapsack_n9_seed02,GomoryCuttingPlane,0.0024631660198792815,"(21.0, array([0., 0., 1., 1., 1., 0., 0., 0., 1.]))"
knapsack_n9_seed02,SheraliAdams,123.57445700000972,"(21.00000000000001, array([-0.00000000e+00,  0.00000000e+00,  1.00000000e+00,  1.00000000e+00,
        1.00000000e+00,  2.05170833e-15, -0.00000000e+00, -0.00000000e+00,
        1.00000000e+00]))"
knapsack_n9_seed03,BranchAndBound,0.0033107500057667494,"(25.0, array([0., 0., 1., 1., 0., 1., 1., 0., 1.]))"
knapsack_n9_seed03,GomoryCuttingPlane,0.001299499999731779,"(25.0, array([0., 0., 1., 1., 0., 1., 1., 0., 1.]))"
knapsack_n9_seed03,SheraliAdams,5.398859917011578,"(25.000000000000007, array([ 0.00000000e+00,  4.62983888e-14,  1.00000000e+00,  1.00000000e+00,
        0.00000000e+00,  1.00000000e+00,  1.00000000e+00, -0.00000000e+00,
        1.00000000e+00]))"
knapsack_n9_seed04,BranchAndBound,0.010172042006161064,"(26.0, array([ 1.,  1.,  1., -0.,  1., -0., -0.,  1., -0.]))"
knapsack_n9_seed04,GomoryCuttingPlane,0.040640291990712285,"(26.0, array([1., 0., 1., 0., 1., 0., 1., 1., 0.]))"
knapsack_n9_seed04,SheraliAdams,125.18589250004152,"(25.999999999999996, array([ 1.,  1.,  1., -0.,  1.,  0., -0.,  1.,  0.]))"
knapsack_n9_seed05,BranchAndBound,0.0007362079923041165,"(12.0, array([ 0.,  0.,  0., -0.,  0.,  1.,  1.,  0.,  0.]))"
knapsack_n9_seed05,GomoryCuttingPlane,0.00027533300453796983,"(12.0, array([0., 0., 0., 0., 0., 1., 1., 0., 0.]))"
knapsack_n9_seed05,SheraliAdams,0.0005272920243442059,"(12.0, array([ 0.,  0.,  0., -0.,  0.,  1.,  1.,  0.,  0.]))"
knapsack_n9_seed06,BranchAndBound,0.010114125034306198,"(23.0, array([0., 0., 1., 1., 0., 1., 0., 1., 0.]))"
knapsack_n9_seed06,GomoryCuttingPlane,0.0029822500073350966,"(22.0, array([0., 1., 1., 1., 0., 0., 0., 1., 0.]))"
knapsack_n9_seed06,SheraliAdams,0.00188729097135365,"(23.0, array([ 0.,  0.,  1.,  1., -0.,  1.,  0.,  1.,  0.]))"
knapsack_n9_seed07,BranchAndBound,0.00876579200848937,"(23.0, array([ 1., -0.,  1., -0.,  1., -0., -0., -0.,  1.]))"
knapsack_n9_seed07,GomoryCuttingPlane,0.0003806670429185033,"(23.0, array([1., 0., 1., 0., 1., 0., 0., 0., 1.]))"
knapsack_n9_seed07,SheraliAdams,25.82025462499587,"(23.0, array([ 1., -0.,  1.,  0.,  1., -0., -0., -0.,  1.]))"
knapsack_n9_seed08,BranchAndBound,0.0005934999790042639,"(22.0, array([ 1.,  1.,  1.,  1.,  0.,  1.,  0.,  1., -0.]))"
knapsack_n9_seed08,GomoryCuttingPlane,0.00033541698940098286,"(22.0, array([1., 1., 1., 1., 0., 1., 0., 1., 0.]))"
knapsack_n9_seed08,SheraliAdams,0.0006610419950447977,"(22.0, array([ 1.,  1.,  1.,  1.,  0.,  1.,  0.,  1., -0.]))"
knapsack_n9_seed09,BranchAndBound,0.008295374980662018,"(28.0, array([-0.,  0.,  1.,  1.,  0.,  1.,  0.,  1.,  0.]))"
knapsack_n9_seed09,GomoryCuttingPlane,0.04215020895935595,"(28.0, array([1., 0., 1., 1., 0., 0., 1., 0., 0.]))"
knapsack_n9_seed09,SheraliAdams,123.79753458302002,"(27.999999999999996, array([ 1.00000000e+00,  0.00000000e+00,  1.00000000e+00,  1.00000000e+00,
        0.00000000e+00,  1.07856743e-14,  7.34074932e-15,  1.00000000e+00,
       -0.00000000e+00]))"
knapsack_n9_seed10,BranchAndBound,0.012678833969403058,"(40.0, array([ 1.,  1., -0., -0., -0.,  1., -0.,  1.,  1.]))"
knapsack_n9_seed10,GomoryCuttingPlane,0.0013851249823346734,"(40.0, array([1., 1., 0., 0., 0., 1., 0., 1., 1.]))"
knapsack_n9_seed10,SheraliAdams,5.8642372080357745,"(40.00000000000001, array([ 1.00000000e+00,  1.00000000e+00, -3.76302946e-15,  1.15835633e-14,
       -2.89315487e-15,  1.00000000e+00, -1.06092051e-15,  1.00000000e+00,
        1.00000000e+00]))"
knapsack_n9_seed11,BranchAndBound,0.0005919159739278257,"(26.0, array([ 0.,  1.,  1.,  1., -0.,  0.,  0.,  0.,  1.]))"
knapsack_n9_seed11,GomoryCuttingPlane,0.00028141599614173174,"(26.0, array([0., 1., 1., 1., 0., 0., 0., 0., 1.]))"
knapsack_n9_seed11,SheraliAdams,0.0007172920159064233,"(26.0, array([ 0.,  1.,  1.,  1., -0.,  0.,  0.,  0.,  1.]))"
knapsack_n9_seed12,BranchAndBound,0.005306374980136752,"(37.0, array([ 0.,  1.,  0.,  1., -0.,  1.,  1.,  0.,  1.]))"
knapsack_n9_seed12,GomoryCuttingPlane,0.04320662503596395,"(37.0, array([0., 1., 0., 1., 0., 1., 1., 0., 1.]))"
knapsack_n9_seed12,SheraliAdams,5.685831207956653,"(37.0, array([-0.,  1.,  0.,  1., -0.,  1.,  1.,  0.,  1.]))"
knapsack_n9_seed13,BranchAndBound,0.012233083019964397,"(24.0, array([ 1.,  0., -0.,  0.,  1.,  1.,  1., -0.,  1.]))"
knapsack_n9_seed13,GomoryCuttingPlane,0.00043420796282589436,"(24.0, array([1., 0., 0., 0., 1., 1., 1., 0., 1.]))"
knapsack_n9_seed13,SheraliAdams,124.30562325002393,"(24.0, array([1.00000000e+00, 0.00000000e+00, 0.00000000e+00, 0.00000000e+00,
       1.00000000e+00, 1.00000000e+00, 1.00000000e+00, 4.14935537e-16,
       1.00000000e+00]))"
knapsack_n9_seed14,BranchAndBound,0.001669042045250535,"(14.0, array([0., 0., 1., 0., 0., 0., 0., 0., 1.]))"
knapsack_n9_seed14,GomoryCuttingPlane,0.0005157920531928539,"(14.0, array([0., 0., 1., 0., 0., 0., 0., 0., 1.]))"
knapsack_n9_seed14,SheraliAdams,123.36336620902875,"(14.0, array([-0.,  0.,  1.,  0.,  0., -0.,  0., -0.,  1.]))"
knapsack_n9_seed15,BranchAndBound,0.005432415986433625,"(16.0, array([ 1.,  0., -0.,  1.,  0.,  0.,  0.,  1.,  0.]))"
knapsack_n9_seed15,GomoryCuttingPlane,0.05181104101939127,"(16.0, array([1., 0., 1., 1., 1., 0., 1., 0., 0.]))"
knapsack_n9_seed15,SheraliAdams,123.00262379198102,"(15.999999999999998, array([ 1.00000000e+00,  1.60575870e-15, -1.82428453e-14,  1.00000000e+00,
       -1.08715739e-14,  0.00000000e+00, -1.29159685e-14,  1.00000000e+00,
       -2.04439460e-15]))"
knapsack_n9_seed16,BranchAndBound,0.0032695000409148633,"(31.0, array([ 0., -0.,  1.,  0.,  1.,  0.,  1.,  1.,  1.]))"
knapsack_n9_seed16,GomoryCuttingPlane,0.0013874999713152647,"(31.0, array([0., 1., 1., 1., 1., 0., 0., 0., 1.]))"
knapsack_n9_seed16,SheraliAdams,26.20080654200865,"(31.0, array([ 0.00000000e+00, -1.12078689e-14,  1.00000000e+00, -1.08801856e-14,
        1.00000000e+00,  0.00000000e+00,  1.00000000e+00,  1.00000000e+00,
        1.00000000e+00]))"
knapsack_n9_seed17,BranchAndBound,0.009956291993148625,"(36.0, array([ 1.,  1., -0.,  1.,  1.,  1., -0.,  1., -0.]))"
knapsack_n9_seed17,GomoryCuttingPlane,0.0006421669968403876,"(36.0, array([1., 1., 0., 1., 1., 1., 0., 1., 0.]))"
knapsack_n9_seed17,SheraliAdams,129.14404916699277,"(36.0, array([ 1.00000000e+00,  1.00000000e+00,  0.00000000e+00,  1.00000000e+00,
        1.00000000e+00,  1.00000000e+00, -4.64493705e-16,  1.00000000e+00,
        0.00000000e+00]))"
knapsack_n9_seed18,BranchAndBound,0.009208709001541138,"(39.0, array([ 1.,  1.,  1.,  1., -0.,  0.,  1., -0.,  1.]))"
knapsack_n9_seed18,GomoryCuttingPlane,0.000600125000346452,"(39.0, array([1., 1., 1., 1., 0., 0., 1., 0., 1.]))"
knapsack_n9_seed18,SheraliAdams,26.400192333036102,"(39.0, array([1.00000000e+00, 1.00000000e+00, 1.00000000e+00, 1.00000000e+00,
       0.00000000e+00, 0.00000000e+00, 1.00000000e+00, 2.07647032e-15,
       1.00000000e+00]))"
knapsack_n9_seed19,BranchAndBound,0.019527208001818508,"(24.0, array([ 1.,  1., -0., -0.,  1.,  1., -0., -0., -0.]))"
knapsack_n9_seed19,GomoryCuttingPlane,0.00046970800030976534,"(24.0, array([1., 1., 0., 0., 1., 1., 0., 0., 0.]))"
knapsack_n9_seed19,SheraliAdams,123.74201966699911,"(24.0, array([ 1.00000000e+00,  1.00000000e+00,  0.00000000e+00, -6.92819411e-16,
        1.00000000e+00,  1.00000000e+00, -0.00000000e+00, -1.34441233e-15,
        1.20538500e-15]))"
